date,value,group,score,a,b,t,v,category,amount
2020-01-01,1.4,setosa,0.2,5.1,3.5,0,5.1,setosa,1.4
2020-01-02,1.4,setosa,0.2,4.9,3,1,4.9,setosa,1.4
2020-01-03,1.3,setosa,0.2,4.7,3.2,2,4.7,setosa,1.3
2020-01-04,1.5,setosa,0.2,4.6,3.1,3,4.6,setosa,1.5
2020-01-05,1.4,setosa,0.2,5,3.6,4,5,setosa,1.4
2020-01-06,1.7,setosa,0.4,5.4,3.9,5,5.4,setosa,1.7
2020-01-07,1.4,setosa,0.3,4.6,3.4,6,4.6,setosa,1.4
2020-01-08,1.5,setosa,0.2,5,3.4,7,5,setosa,1.5
2020-01-09,1.4,setosa,0.2,4.4,2.9,8,4.4,setosa,1.4
2020-01-10,1.5,setosa,0.1,4.9,3.1,9,4.9,setosa,1.5
2020-01-11,1.5,setosa,0.2,5.4,3.7,10,5.4,setosa,1.5
2020-01-12,1.6,setosa,0.2,4.8,3.4,11,4.8,setosa,1.6
2020-01-13,1.4,setosa,0.1,4.8,3,12,4.8,setosa,1.4
2020-01-14,1.1,setosa,0.1,4.3,3,13,4.3,setosa,1.1
2020-01-15,1.2,setosa,0.2,5.8,4,14,5.8,setosa,1.2
2020-01-16,1.5,setosa,0.4,5.7,4.4,15,5.7,setosa,1.5
2020-01-17,1.3,setosa,0.4,5.4,3.9,16,5.4,setosa,1.3
2020-01-18,1.4,setosa,0.3,5.1,3.5,17,5.1,setosa,1.4
2020-01-19,1.7,setosa,0.3,5.7,3.8,18,5.7,setosa,1.7
2020-01-20,1.5,setosa,0.3,5.1,3.8,19,5.1,setosa,1.5
2020-01-21,1.7,setosa,0.2,5.4,3.4,20,5.4,setosa,1.7
2020-01-22,1.5,setosa,0.4,5.1,3.7,21,5.1,setosa,1.5
2020-01-23,1,setosa,0.2,4.6,3.6,22,4.6,setosa,1
2020-01-24,1.7,setosa,0.5,5.1,3.3,23,5.1,setosa,1.7
2020-01-25,1.9,setosa,0.2,4.8,3.4,24,4.8,setosa,1.9
2020-01-26,1.6,setosa,0.2,5,3,25,5,setosa,1.6
2020-01-27,1.6,setosa,0.4,5,3.4,26,5,setosa,1.6
2020-01-28,1.5,setosa,0.2,5.2,3.5,27,5.2,setosa,1.5
2020-01-29,1.4,setosa,0.2,5.2,3.4,28,5.2,setosa,1.4
2020-01-30,1.6,setosa,0.2,4.7,3.2,29,4.7,setosa,1.6
2020-01-31,1.6,setosa,0.2,4.8,3.1,30,4.8,setosa,1.6
2020-02-01,1.5,setosa,0.4,5.4,3.4,31,5.4,setosa,1.5
2020-02-02,1.5,setosa,0.1,5.2,4.1,32,5.2,setosa,1.5
2020-02-03,1.4,setosa,0.2,5.5,4.2,33,5.5,setosa,1.4
2020-02-04,1.5,setosa,0.1,4.9,3.1,34,4.9,setosa,1.5
2020-02-05,1.2,setosa,0.2,5,3.2,35,5,setosa,1.2
2020-02-06,1.3,setosa,0.2,5.5,3.5,36,5.5,setosa,1.3
2020-02-07,1.5,setosa,0.1,4.9,3.1,37,4.9,setosa,1.5
2020-02-08,1.3,setosa,0.2,4.4,3,38,4.4,setosa,1.3
2020-02-09,1.5,setosa,0.2,5.1,3.4,39,5.1,setosa,1.5
2020-02-10,1.3,setosa,0.3,5,3.5,40,5,setosa,1.3
2020-02-11,1.3,setosa,0.3,4.5,2.3,41,4.5,setosa,1.3
2020-02-12,1.3,setosa,0.2,4.4,3.2,42,4.4,setosa,1.3
2020-02-13,1.6,setosa,0.6,5,3.5,43,5,setosa,1.6
2020-02-14,1.9,setosa,0.4,5.1,3.8,44,5.1,setosa,1.9
2020-02-15,1.4,setosa,0.3,4.8,3,45,4.8,setosa,1.4
2020-02-16,1.6,setosa,0.2,5.1,3.8,46,5.1,setosa,1.6
2020-02-17,1.4,setosa,0.2,4.6,3.2,47,4.6,setosa,1.4
2020-02-18,1.5,setosa,0.2,5.3,3.7,48,5.3,setosa,1.5
2020-02-19,1.4,setosa,0.2,5,3.3,49,5,setosa,1.4
2020-02-20,4.7,versicolor,1.4,7,3.2,50,7,versicolor,4.7
2020-02-21,4.5,versicolor,1.5,6.4,3.2,51,6.4,versicolor,4.5
2020-02-22,4.9,versicolor,1.5,6.9,3.1,52,6.9,versicolor,4.9
2020-02-23,4,versicolor,1.3,5.5,2.3,53,5.5,versicolor,4
2020-02-24,4.6,versicolor,1.5,6.5,2.8,54,6.5,versicolor,4.6
2020-02-25,4.5,versicolor,1.3,5.7,2.8,55,5.7,versicolor,4.5
2020-02-26,4.7,versicolor,1.6,6.3,3.3,56,6.3,versicolor,4.7
2020-02-27,3.3,versicolor,1,4.9,2.4,57,4.9,versicolor,3.3
2020-02-28,4.6,versicolor,1.3,6.6,2.9,58,6.6,versicolor,4.6
2020-02-29,3.9,versicolor,1.4,5.2,2.7,59,5.2,versicolor,3.9
2020-03-01,3.5,versicolor,1,5,2,60,5,versicolor,3.5
2020-03-02,4.2,versicolor,1.5,5.9,3,61,5.9,versicolor,4.2
2020-03-03,4,versicolor,1,6,2.2,62,6,versicolor,4
2020-03-04,4.7,versicolor,1.4,6.1,2.9,63,6.1,versicolor,4.7
2020-03-05,3.6,versicolor,1.3,5.6,2.9,64,5.6,versicolor,3.6
2020-03-06,4.4,versicolor,1.4,6.7,3.1,65,6.7,versicolor,4.4
2020-03-07,4.5,versicolor,1.5,5.6,3,66,5.6,versicolor,4.5
2020-03-08,4.1,versicolor,1,5.8,2.7,67,5.8,versicolor,4.1
2020-03-09,4.5,versicolor,1.5,6.2,2.2,68,6.2,versicolor,4.5
2020-03-10,3.9,versicolor,1.1,5.6,2.5,69,5.6,versicolor,3.9
2020-03-11,4.8,versicolor,1.8,5.9,3.2,70,5.9,versicolor,4.8
2020-03-12,4,versicolor,1.3,6.1,2.8,71,6.1,versicolor,4
2020-03-13,4.9,versicolor,1.5,6.3,2.5,72,6.3,versicolor,4.9
2020-03-14,4.7,versicolor,1.2,6.1,2.8,73,6.1,versicolor,4.7
2020-03-15,4.3,versicolor,1.3,6.4,2.9,74,6.4,versicolor,4.3
2020-03-16,4.4,versicolor,1.4,6.6,3,75,6.6,versicolor,4.4
2020-03-17,4.8,versicolor,1.4,6.8,2.8,76,6.8,versicolor,4.8
2020-03-18,5,versicolor,1.7,6.7,3,77,6.7,versicolor,5
2020-03-19,4.5,versicolor,1.5,6,2.9,78,6,versicolor,4.5
2020-03-20,3.5,versicolor,1,5.7,2.6,79,5.7,versicolor,3.5
2020-03-21,3.8,versicolor,1.1,5.5,2.4,80,5.5,versicolor,3.8
2020-03-22,3.7,versicolor,1,5.5,2.4,81,5.5,versicolor,3.7
2020-03-23,3.9,versicolor,1.2,5.8,2.7,82,5.8,versicolor,3.9
2020-03-24,5.1,versicolor,1.6,6,2.7,83,6,versicolor,5.1
2020-03-25,4.5,versicolor,1.5,5.4,3,84,5.4,versicolor,4.5
2020-03-26,4.5,versicolor,1.6,6,3.4,85,6,versicolor,4.5
2020-03-27,4.7,versicolor,1.5,6.7,3.1,86,6.7,versicolor,4.7
2020-03-28,4.4,versicolor,1.3,6.3,2.3,87,6.3,versicolor,4.4
2020-03-29,4.1,versicolor,1.3,5.6,3,88,5.6,versicolor,4.1
2020-03-30,4,versicolor,1.3,5.5,2.5,89,5.5,versicolor,4
2020-03-31,4.4,versicolor,1.2,5.5,2.6,90,5.5,versicolor,4.4
2020-04-01,4.6,versicolor,1.4,6.1,3,91,6.1,versicolor,4.6
2020-04-02,4,versicolor,1.2,5.8,2.6,92,5.8,versicolor,4
2020-04-03,3.3,versicolor,1,5,2.3,93,5,versicolor,3.3
2020-04-04,4.2,versicolor,1.3,5.6,2.7,94,5.6,versicolor,4.2
2020-04-05,4.2,versicolor,1.2,5.7,3,95,5.7,versicolor,4.2
2020-04-06,4.2,versicolor,1.3,5.7,2.9,96,5.7,versicolor,4.2
2020-04-07,4.3,versicolor,1.3,6.2,2.9,97,6.2,versicolor,4.3
2020-04-08,3,versicolor,1.1,5.1,2.5,98,5.1,versicolor,3
2020-04-09,4.1,versicolor,1.3,5.7,2.8,99,5.7,versicolor,4.1
2020-04-10,6,virginica,2.5,6.3,3.3,100,6.3,virginica,6
2020-04-11,5.1,virginica,1.9,5.8,2.7,101,5.8,virginica,5.1
2020-04-12,5.9,virginica,2.1,7.1,3,102,7.1,virginica,5.9
2020-04-13,5.6,virginica,1.8,6.3,2.9,103,6.3,virginica,5.6
2020-04-14,5.8,virginica,2.2,6.5,3,104,6.5,virginica,5.8
2020-04-15,6.6,virginica,2.1,7.6,3,105,7.6,virginica,6.6
2020-04-16,4.5,virginica,1.7,4.9,2.5,106,4.9,virginica,4.5
2020-04-17,6.3,virginica,1.8,7.3,2.9,107,7.3,virginica,6.3
2020-04-18,5.8,virginica,1.8,6.7,2.5,108,6.7,virginica,5.8
2020-04-19,6.1,virginica,2.5,7.2,3.6,109,7.2,virginica,6.1
2020-04-20,5.1,virginica,2,6.5,3.2,110,6.5,virginica,5.1
2020-04-21,5.3,virginica,1.9,6.4,2.7,111,6.4,virginica,5.3
2020-04-22,5.5,virginica,2.1,6.8,3,112,6.8,virginica,5.5
2020-04-23,5,virginica,2,5.7,2.5,113,5.7,virginica,5
2020-04-24,5.1,virginica,2.4,5.8,2.8,114,5.8,virginica,5.1
2020-04-25,5.3,virginica,2.3,6.4,3.2,115,6.4,virginica,5.3
2020-04-26,5.5,virginica,1.8,6.5,3,116,6.5,virginica,5.5
2020-04-27,6.7,virginica,2.2,7.7,3.8,117,7.7,virginica,6.7
2020-04-28,6.9,virginica,2.3,7.7,2.6,118,7.7,virginica,6.9
2020-04-29,5,virginica,1.5,6,2.2,119,6,virginica,5
2020-04-30,5.7,virginica,2.3,6.9,3.2,120,6.9,virginica,5.7
2020-05-01,4.9,virginica,2,5.6,2.8,121,5.6,virginica,4.9
2020-05-02,6.7,virginica,2,7.7,2.8,122,7.7,virginica,6.7
2020-05-03,4.9,virginica,1.8,6.3,2.7,123,6.3,virginica,4.9
2020-05-04,5.7,virginica,2.1,6.7,3.3,124,6.7,virginica,5.7
2020-05-05,6,virginica,1.8,7.2,3.2,125,7.2,virginica,6
2020-05-06,4.8,virginica,1.8,6.2,2.8,126,6.2,virginica,4.8
2020-05-07,4.9,virginica,1.8,6.1,3,127,6.1,virginica,4.9
2020-05-08,5.6,virginica,2.1,6.4,2.8,128,6.4,virginica,5.6
2020-05-09,5.8,virginica,1.6,7.2,3,129,7.2,virginica,5.8
2020-05-10,6.1,virginica,1.9,7.4,2.8,130,7.4,virginica,6.1
2020-05-11,6.4,virginica,2,7.9,3.8,131,7.9,virginica,6.4
2020-05-12,5.6,virginica,2.2,6.4,2.8,132,6.4,virginica,5.6
2020-05-13,5.1,virginica,1.5,6.3,2.8,133,6.3,virginica,5.1
2020-05-14,5.6,virginica,1.4,6.1,2.6,134,6.1,virginica,5.6
2020-05-15,6.1,virginica,2.3,7.7,3,135,7.7,virginica,6.1
2020-05-16,5.6,virginica,2.4,6.3,3.4,136,6.3,virginica,5.6
2020-05-17,5.5,virginica,1.8,6.4,3.1,137,6.4,virginica,5.5
2020-05-18,4.8,virginica,1.8,6,3,138,6,virginica,4.8
2020-05-19,5.4,virginica,2.1,6.9,3.1,139,6.9,virginica,5.4
2020-05-20,5.6,virginica,2.4,6.7,3.1,140,6.7,virginica,5.6
2020-05-21,5.1,virginica,2.3,6.9,3.1,141,6.9,virginica,5.1
2020-05-22,5.1,virginica,1.9,5.8,2.7,142,5.8,virginica,5.1
2020-05-23,5.9,virginica,2.3,6.8,3.2,143,6.8,virginica,5.9
2020-05-24,5.7,virginica,2.5,6.7,3.3,144,6.7,virginica,5.7
2020-05-25,5.2,virginica,2.3,6.7,3,145,6.7,virginica,5.2
2020-05-26,5,virginica,1.9,6.3,2.5,146,6.3,virginica,5
2020-05-27,5.2,virginica,2,6.5,3,147,6.5,virginica,5.2
2020-05-28,5.4,virginica,2.3,6.2,3.4,148,6.2,virginica,5.4
2020-05-29,5.1,virginica,1.8,5.9,3,149,5.9,virginica,5.1
