x,y,size,group
3.2005,0.1677,2.0,cluster 1
3.2278,0.3393,3.0,cluster 1
2.7504,0.4356,4.0,cluster 1
2.1968,0.467,5.0,cluster 1
2.0522,0.5499,6.0,cluster 1
2.4084,0.7825,1.0,cluster 1
2.8887,1.1089,2.0,cluster 1
3.0089,1.3396,3.0,cluster 1
2.626,1.338,4.0,cluster 1
2.0556,1.1868,5.0,cluster 1
1.7612,1.1437,6.0,cluster 1
1.9239,1.3978,1.0,cluster 1
2.2942,1.8578,2.0,cluster 1
2.4482,2.2044,3.0,cluster 1
2.1851,2.1851,4.0,cluster 1
1.6911,1.8781,5.0,cluster 1
1.3361,1.65,6.0,cluster 1
1.3222,1.8198,1.0,cluster 1
1.5195,2.3398,2.0,cluster 1
1.6239,2.8126,3.0,cluster 1
1.4537,2.853,4.0,cluster 1
1.096,2.4617,5.0,cluster 1
0.7856,2.0467,6.0,cluster 1
0.6664,2.0511,1.0,cluster 1
0.6783,2.5313,2.0,cluster 1
0.6565,3.0885,3.0,cluster 1
0.5121,3.2335,4.0,cluster 1
0.2992,2.8469,5.0,cluster 1
0.1205,2.2987,6.0,cluster 1
0.0,2.1072,1.0,cluster 1
-0.1286,2.4542,2.0,cluster 1
-0.3168,3.0143,3.0,cluster 1
-0.5162,3.2593,4.0,cluster 1
-0.6274,2.9515,5.0,cluster 1
-0.6323,2.3598,6.0,cluster 1
-0.6505,2.0019,1.0,cluster 1
-0.8292,2.1602,2.0,cluster 1
-1.1705,2.629,3.0,cluster 1
-1.4883,2.921,4.0,cluster 1
-1.5735,2.7254,5.0,cluster 1
-1.4187,2.1846,6.0,cluster 1
-1.2638,1.7395,1.0,cluster 1
-1.3851,1.7104,2.0,cluster 1
-1.8138,2.0144,3.0,cluster 1
-2.2702,2.2702,4.0,cluster 1
-2.4086,2.1687,5.0,cluster 1
-2.1559,1.7458,6.0,cluster 1
-1.8114,1.3161,1.0,cluster 1
-1.7845,1.1589,2.0,cluster 1
-2.2019,1.2713,3.0,cluster 1
-2.764,1.4083,4.0,cluster 1
-3.0074,1.339,5.0,cluster 1
-2.7424,1.0527,6.0,cluster 1
-2.249,0.7307,1.0,cluster 1
-2.0286,0.5436,2.0,cluster 1
-2.3349,0.4963,3.0,cluster 1
-2.9252,0.4633,4.0,cluster 1
-3.2777,0.3445,5.0,cluster 1
-3.0778,0.1613,6.0,cluster 1
-2.5171,0.0,1.0,cluster 1
-2.1174,-0.111,2.0,cluster 1
-2.2441,-0.2359,3.0,cluster 1
-2.7659,-0.4381,4.0,cluster 1
-3.181,-0.6761,5.0,cluster 1
-3.0872,-0.8272,6.0,cluster 1
-2.5527,-0.8294,1.0,cluster 1
-2.0414,-0.7836,2.0,cluster 1
-1.9744,-0.8791,3.0,cluster 1
-2.3444,-1.1945,4.0,cluster 1
-2.7404,-1.5822,5.0,cluster 1
-2.743,-1.7813,6.0,cluster 1
-2.3076,-1.6765,1.0,cluster 1
-1.7827,-1.4436,2.0,cluster 1
-1.5672,-1.4111,3.0,cluster 1
-1.7447,-1.7447,4.0,cluster 1
-2.0339,-2.2589,5.0,cluster 1
-2.0766,-2.5644,6.0,cluster 1
-1.7683,-2.4338,1.0,cluster 1
-1.3254,-2.0409,2.0,cluster 1
-1.0518,-1.8218,3.0,cluster 1
-1.0542,-2.069,4.0,cluster 1
-1.1746,-2.6383,5.0,cluster 1
-1.1758,-3.0631,6.0,cluster 1
-0.9703,-2.9862,1.0,cluster 1
-0.6715,-2.506,2.0,cluster 1
-0.4462,-2.099,3.0,cluster 1
-0.3452,-2.1797,4.0,cluster 1
-0.2844,-2.7063,5.0,cluster 1
-0.1683,-3.2116,6.0,cluster 1
-0.0,-3.2364,1.0,cluster 1
0.1446,-2.7598,2.0,cluster 1
0.2333,-2.2201,3.0,cluster 1
0.3334,-2.1048,4.0,cluster 1
0.5308,-2.4971,5.0,cluster 1
0.8049,-3.004,6.0,cluster 1
1.0167,-3.1291,1.0,cluster 1
1.0492,-2.7333,2.0,cluster 1
0.9583,-2.1523,3.0,cluster 1
0.9536,-1.8715,4.0,cluster 1
1.1981,-2.0752,5.0,cluster 1
1.6182,-2.4919,6.0,cluster 1
1.9379,-2.6672,1.0,cluster 1
1.9344,-2.3888,2.0,cluster 1
1.6775,-1.8631,3.0,cluster 1
1.4974,-1.4974,4.0,cluster 1
1.6823,-1.5147,5.0,cluster 1
2.1845,-1.7689,6.0,cluster 1
2.6342,-1.9139,1.0,cluster 1
2.6754,-1.7374,2.0,cluster 1
2.3153,-1.3367,3.0,cluster 1
1.9435,-0.9903,4.0,cluster 1
1.9787,-0.881,5.0,cluster 1
2.4662,-0.9467,6.0,cluster 1
3.0158,-0.9799,1.0,cluster 1
3.1559,-0.8456,2.0,cluster 1
2.7799,-0.5909,3.0,cluster 1
2.258,-0.3576,4.0,cluster 1
2.0993,-0.2206,5.0,cluster 1
2.4738,-0.1296,6.0,cluster 1
3.0484,-0.0,1.0,cluster 1
4.8982,0.2567,2.0,cluster 2
4.9185,0.517,3.0,cluster 2
4.4295,0.7016,4.0,cluster 2
3.8597,0.8204,5.0,cluster 2
3.6943,0.9899,6.0,cluster 2
4.0252,1.3079,1.0,cluster 2
4.4758,1.7181,2.0,cluster 2
4.5619,2.0311,3.0,cluster 2
4.1407,2.1098,4.0,cluster 2
3.5278,2.0368,5.0,cluster 2
3.187,2.0696,6.0,cluster 2
3.2992,2.397,1.0,cluster 2
3.6154,2.9277,2.0,cluster 2
3.7115,3.3419,3.0,cluster 2
3.3872,3.3872,4.0,cluster 2
2.8286,3.1415,5.0,cluster 2
2.406,2.9712,6.0,cluster 2
2.3214,3.1951,1.0,cluster 2
2.4454,3.7656,2.0,cluster 2
2.4739,4.2849,3.0,cluster 2
2.2255,4.3677,4.0,cluster 2
1.7875,4.0147,5.0,cluster 2
1.3949,3.6337,6.0,cluster 2
1.1918,3.6679,1.0,cluster 2
1.1183,4.1734,2.0,cluster 2
1.0099,4.7514,3.0,cluster 2
0.7781,4.9126,4.0,cluster 2
0.4769,4.5375,5.0,cluster 2
0.2094,3.9963,6.0,cluster 2
0.0,3.8072,1.0,cluster 2
-0.2176,4.1519,2.0,cluster 2
-0.4945,4.7049,3.0,cluster 2
-0.7822,4.9384,4.0,cluster 2
-0.9808,4.6144,5.0,cluster 2
-1.0723,4.0019,6.0,cluster 2
-1.1758,3.6187,1.0,cluster 2
-1.4384,3.7473,2.0,cluster 2
-1.862,4.182,3.0,cluster 2
-2.2601,4.4357,4.0,cluster 2
-2.4235,4.1977,5.0,cluster 2
-2.3446,3.6103,6.0,cluster 2
-2.263,3.1148,1.0,cluster 2
-2.4549,3.0316,2.0,cluster 2
-2.9513,3.2777,3.0,cluster 2
-3.4723,3.4723,4.0,cluster 2
-3.6719,3.3062,5.0,cluster 2
-3.4771,2.8157,6.0,cluster 2
-3.1868,2.3153,1.0,cluster 2
-3.2102,2.0847,2.0,cluster 2
-3.6742,2.1213,3.0,cluster 2
-4.2787,2.1801,4.0,cluster 2
-4.5604,2.0304,5.0,cluster 2
-4.3295,1.662,6.0,cluster 2
-3.8658,1.2561,1.0,cluster 2
-3.6707,0.9836,2.0,cluster 2
-3.9978,0.8497,3.0,cluster 2
-4.6043,0.7293,4.0,cluster 2
-4.9684,0.5222,5.0,cluster 2
-4.7755,0.2503,6.0,cluster 2
-4.2171,0.0,1.0,cluster 2
-3.8151,-0.1999,2.0,cluster 2
-3.9348,-0.4136,3.0,cluster 2
-4.445,-0.704,4.0,cluster 2
-4.8438,-1.0296,5.0,cluster 2
-4.7293,-1.2672,6.0,cluster 2
-4.1695,-1.3548,1.0,cluster 2
-3.6285,-1.3929,2.0,cluster 2
-3.5274,-1.5705,3.0,cluster 2
-3.8591,-1.9663,4.0,cluster 2
-4.2126,-2.4322,5.0,cluster 2
-4.1687,-2.7072,6.0,cluster 2
-3.6829,-2.6758,1.0,cluster 2
-3.1039,-2.5135,2.0,cluster 2
-2.8306,-2.5487,3.0,cluster 2
-2.9467,-2.9467,4.0,cluster 2
-3.1715,-3.5223,5.0,cluster 2
-3.1464,-3.8855,6.0,cluster 2
-2.7675,-3.8092,1.0,cluster 2
-2.2513,-3.4667,2.0,cluster 2
-1.9018,-3.2941,3.0,cluster 2
-1.826,-3.5837,4.0,cluster 2
-1.8661,-4.1913,5.0,cluster 2
-1.785,-4.6502,6.0,cluster 2
-1.4956,-4.603,1.0,cluster 2
-1.1115,-4.148,2.0,cluster 2
-0.7996,-3.7619,3.0,cluster 2
-0.6112,-3.8588,4.0,cluster 2
-0.4621,-4.397,5.0,cluster 2
-0.2573,-4.9093,6.0,cluster 2
-0.0,-4.9364,1.0,cluster 2
0.2336,-4.4575,2.0,cluster 2
0.411,-3.9108,3.0,cluster 2
0.5993,-3.7839,4.0,cluster 2
0.8842,-4.1599,5.0,cluster 2
1.2449,-4.6461,6.0,cluster 2
1.542,-4.7459,1.0,cluster 2
1.6584,-4.3204,2.0,cluster 2
1.6497,-3.7053,3.0,cluster 2
1.7254,-3.3862,4.0,cluster 2
2.0481,-3.5474,5.0,cluster 2
2.5441,-3.9176,6.0,cluster 2
2.9371,-4.0426,1.0,cluster 2
3.0042,-3.7099,2.0,cluster 2
2.8151,-3.1264,3.0,cluster 2
2.6995,-2.6995,4.0,cluster 2
2.9456,-2.6522,5.0,cluster 2
3.5056,-2.8388,6.0,cluster 2
4.0096,-2.9131,1.0,cluster 2
4.1011,-2.6633,2.0,cluster 2
3.7875,-2.1867,3.0,cluster 2
3.4582,-1.7621,4.0,cluster 2
3.5318,-1.5724,5.0,cluster 2
4.0533,-1.5559,6.0,cluster 2
4.6326,-1.5052,1.0,cluster 2
4.798,-1.2856,2.0,cluster 2
4.4427,-0.9443,3.0,cluster 2
3.9371,-0.6236,4.0,cluster 2
3.79,-0.3983,5.0,cluster 2
4.1714,-0.2186,6.0,cluster 2
4.7484,-0.0,1.0,cluster 2
6.5958,0.3457,2.0,cluster 3
6.6092,0.6947,3.0,cluster 3
6.1085,0.9675,4.0,cluster 3
5.5225,1.1739,5.0,cluster 3
5.3364,1.4299,6.0,cluster 3
5.642,1.8332,1.0,cluster 3
6.0629,2.3273,2.0,cluster 3
6.1149,2.7225,3.0,cluster 3
5.6555,2.8816,4.0,cluster 3
5.0001,2.8868,5.0,cluster 3
4.6127,2.9955,6.0,cluster 3
4.6745,3.3963,1.0,cluster 3
4.9365,3.9975,2.0,cluster 3
4.9749,4.4794,3.0,cluster 3
4.5892,4.5892,4.0,cluster 3
3.9661,4.4048,5.0,cluster 3
3.4758,4.2923,6.0,cluster 3
3.3206,4.5705,1.0,cluster 3
3.3713,5.1913,2.0,cluster 3
3.3239,5.7571,3.0,cluster 3
2.9972,5.8824,4.0,cluster 3
2.4789,5.5678,5.0,cluster 3
2.0041,5.2208,6.0,cluster 3
1.7171,5.2847,1.0,cluster 3
1.5582,5.8154,2.0,cluster 3
1.3634,6.4142,3.0,cluster 3
1.044,6.5917,4.0,cluster 3
0.6546,6.2282,5.0,cluster 3
0.2984,5.694,6.0,cluster 3
0.0,5.5072,1.0,cluster 3
-0.3066,5.8495,2.0,cluster 3
-0.6722,6.3956,3.0,cluster 3
-1.0481,6.6175,4.0,cluster 3
-1.3343,6.2772,5.0,cluster 3
-1.5123,5.644,6.0,cluster 3
-1.7011,5.2355,1.0,cluster 3
-2.0477,5.3344,2.0,cluster 3
-2.5534,5.7351,3.0,cluster 3
-3.0319,5.9504,4.0,cluster 3
-3.2735,5.6699,5.0,cluster 3
-3.2705,5.0361,6.0,cluster 3
-3.2623,4.4901,1.0,cluster 3
-3.5248,4.3527,2.0,cluster 3
-4.0888,4.5411,3.0,cluster 3
-4.6744,4.6744,4.0,cluster 3
-4.9353,4.4437,5.0,cluster 3
-4.7982,3.8855,6.0,cluster 3
-4.5621,3.3145,1.0,cluster 3
-4.636,3.0106,2.0,cluster 3
-5.1464,2.9713,3.0,cluster 3
-5.7934,2.9519,4.0,cluster 3
-6.1134,2.7219,5.0,cluster 3
-5.9166,2.2712,6.0,cluster 3
-5.4826,1.7814,1.0,cluster 3
-5.3127,1.4235,2.0,cluster 3
-5.6606,1.2032,3.0,cluster 3
-6.2834,0.9952,4.0,cluster 3
-6.659,0.6999,5.0,cluster 3
-6.4732,0.3392,6.0,cluster 3
-5.9171,0.0,1.0,cluster 3
-5.5128,-0.2889,2.0,cluster 3
-5.6255,-0.5913,3.0,cluster 3
-6.1241,-0.97,4.0,cluster 3
-6.5067,-1.383,5.0,cluster 3
-6.3713,-1.7072,6.0,cluster 3
-5.7863,-1.8801,1.0,cluster 3
-5.2156,-2.0021,2.0,cluster 3
-5.0804,-2.262,3.0,cluster 3
-5.3738,-2.7381,4.0,cluster 3
-5.6849,-3.2822,5.0,cluster 3
-5.5945,-3.6331,6.0,cluster 3
-5.0582,-3.675,1.0,cluster 3
-4.425,-3.5833,2.0,cluster 3
-4.0939,-3.6862,3.0,cluster 3
-4.1488,-4.1488,4.0,cluster 3
-4.309,-4.7856,5.0,cluster 3
-4.2163,-5.2067,6.0,cluster 3
-3.7668,-5.1845,1.0,cluster 3
-3.1772,-4.8924,2.0,cluster 3
-2.7518,-4.7663,3.0,cluster 3
-2.5978,-5.0984,4.0,cluster 3
-2.5575,-5.7443,5.0,cluster 3
-2.3943,-6.2373,6.0,cluster 3
-2.0209,-6.2198,1.0,cluster 3
-1.5515,-5.7901,2.0,cluster 3
-1.1531,-5.4247,3.0,cluster 3
-0.8771,-5.5379,4.0,cluster 3
-0.6398,-6.0877,5.0,cluster 3
-0.3463,-6.607,6.0,cluster 3
-0.0,-6.6364,1.0,cluster 3
0.3226,-6.1551,2.0,cluster 3
0.5887,-5.6015,3.0,cluster 3
0.8652,-5.4629,4.0,cluster 3
1.2377,-5.8228,5.0,cluster 3
1.6849,-6.2881,6.0,cluster 3
2.0674,-6.3627,1.0,cluster 3
2.2677,-5.9075,2.0,cluster 3
2.3412,-5.2583,3.0,cluster 3
2.4972,-4.901,4.0,cluster 3
2.8981,-5.0196,5.0,cluster 3
3.47,-5.3434,6.0,cluster 3
3.9363,-5.4179,1.0,cluster 3
4.0741,-5.0311,2.0,cluster 3
3.9526,-4.3898,3.0,cluster 3
3.9016,-3.9016,4.0,cluster 3
4.209,-3.7898,5.0,cluster 3
4.8268,-3.9086,6.0,cluster 3
5.3849,-3.9124,1.0,cluster 3
5.5269,-3.5892,2.0,cluster 3
5.2598,-3.0367,3.0,cluster 3
4.9729,-2.5338,4.0,cluster 3
5.0848,-2.2639,5.0,cluster 3
5.6404,-2.1651,6.0,cluster 3
6.2494,-2.0305,1.0,cluster 3
6.4401,-1.7256,2.0,cluster 3
6.1056,-1.2978,3.0,cluster 3
5.6162,-0.8895,4.0,cluster 3
5.4806,-0.576,5.0,cluster 3
5.8691,-0.3076,6.0,cluster 3
6.4484,-0.0,1.0,cluster 3
