x,y,z
-3.0000,-3.0000,0.139708
-3.0000,-2.8000,0.132966
-3.0000,-2.6000,0.120924
-3.0000,-2.4000,0.104061
-3.0000,-2.2000,0.083049
-3.0000,-2.0000,0.058727
-3.0000,-1.8000,0.032063
-3.0000,-1.6000,0.004121
-3.0000,-1.4000,-0.023986
-3.0000,-1.2000,-0.051136
-3.0000,-1.0000,-0.076247
-3.0000,-0.8000,-0.098319
-3.0000,-0.6000,-0.116471
-3.0000,-0.4000,-0.129980
-3.0000,-0.2000,-0.138307
-3.0000,0.0000,-0.141120
-3.0000,0.2000,-0.138307
-3.0000,0.4000,-0.129980
-3.0000,0.6000,-0.116471
-3.0000,0.8000,-0.098319
-3.0000,1.0000,-0.076247
-3.0000,1.2000,-0.051136
-3.0000,1.4000,-0.023986
-3.0000,1.6000,0.004121
-3.0000,1.8000,0.032063
-3.0000,2.0000,0.058727
-3.0000,2.2000,0.083049
-3.0000,2.4000,0.104061
-3.0000,2.6000,0.120924
-3.0000,2.8000,0.132966
-3.0000,3.0000,0.139708
-2.8000,-3.0000,0.331636
-2.8000,-2.8000,0.315633
-2.8000,-2.6000,0.287048
-2.8000,-2.4000,0.247018
-2.8000,-2.2000,0.197141
-2.8000,-2.0000,0.139404
-2.8000,-1.8000,0.076110
-2.8000,-1.6000,0.009781
-2.8000,-1.4000,-0.056937
-2.8000,-1.2000,-0.121386
-2.8000,-1.0000,-0.180995
-2.8000,-0.8000,-0.233388
-2.8000,-0.6000,-0.276478
-2.8000,-0.4000,-0.308545
-2.8000,-0.2000,-0.328311
-2.8000,0.0000,-0.334988
-2.8000,0.2000,-0.328311
-2.8000,0.4000,-0.308545
-2.8000,0.6000,-0.276478
-2.8000,0.8000,-0.233388
-2.8000,1.0000,-0.180995
-2.8000,1.2000,-0.121386
-2.8000,1.4000,-0.056937
-2.8000,1.6000,0.009781
-2.8000,1.8000,0.076110
-2.8000,2.0000,0.139404
-2.8000,2.2000,0.197141
-2.8000,2.4000,0.247018
-2.8000,2.6000,0.287048
-2.8000,2.8000,0.315633
-2.8000,3.0000,0.331636
-2.6000,-3.0000,0.510342
-2.6000,-2.8000,0.485717
-2.6000,-2.6000,0.441727
-2.6000,-2.4000,0.380127
-2.6000,-2.2000,0.303373
-2.6000,-2.0000,0.214524
-2.6000,-1.8000,0.117123
-2.6000,-1.6000,0.015052
-2.6000,-1.4000,-0.087618
-2.6000,-1.2000,-0.186796
-2.6000,-1.0000,-0.278527
-2.6000,-0.8000,-0.359153
-2.6000,-0.6000,-0.425462
-2.6000,-0.4000,-0.474808
-2.6000,-0.2000,-0.505226
-2.6000,0.0000,-0.515501
-2.6000,0.2000,-0.505226
-2.6000,0.4000,-0.474808
-2.6000,0.6000,-0.425462
-2.6000,0.8000,-0.359153
-2.6000,1.0000,-0.278527
-2.6000,1.2000,-0.186796
-2.6000,1.4000,-0.087618
-2.6000,1.6000,0.015052
-2.6000,1.8000,0.117123
-2.6000,2.0000,0.214524
-2.6000,2.2000,0.303373
-2.6000,2.4000,0.380127
-2.6000,2.6000,0.441727
-2.6000,2.8000,0.485717
-2.6000,3.0000,0.510342
-2.4000,-3.0000,0.668703
-2.4000,-2.8000,0.636436
-2.4000,-2.6000,0.578797
-2.4000,-2.4000,0.498082
-2.4000,-2.2000,0.397511
-2.4000,-2.0000,0.281092
-2.4000,-1.8000,0.153467
-2.4000,-1.6000,0.019723
-2.4000,-1.4000,-0.114807
-2.4000,-1.2000,-0.244759
-2.4000,-1.0000,-0.364954
-2.4000,-0.8000,-0.470600
-2.4000,-0.6000,-0.557484
-2.4000,-0.4000,-0.622143
-2.4000,-0.2000,-0.661999
-2.4000,0.0000,-0.675463
-2.4000,0.2000,-0.661999
-2.4000,0.4000,-0.622143
-2.4000,0.6000,-0.557484
-2.4000,0.8000,-0.470600
-2.4000,1.0000,-0.364954
-2.4000,1.2000,-0.244759
-2.4000,1.4000,-0.114807
-2.4000,1.6000,0.019723
-2.4000,1.8000,0.153467
-2.4000,2.0000,0.281092
-2.4000,2.2000,0.397511
-2.4000,2.4000,0.498082
-2.4000,2.6000,0.578797
-2.4000,2.8000,0.636436
-2.4000,3.0000,0.668703
-2.2000,-3.0000,0.800405
-2.2000,-2.8000,0.761783
-2.2000,-2.6000,0.692791
-2.2000,-2.4000,0.596180
-2.2000,-2.2000,0.475801
-2.2000,-2.0000,0.336453
-2.2000,-1.8000,0.183692
-2.2000,-1.6000,0.023608
-2.2000,-1.4000,-0.137418
-2.2000,-1.2000,-0.292965
-2.2000,-1.0000,-0.436832
-2.2000,-0.8000,-0.563285
-2.2000,-0.6000,-0.667281
-2.2000,-0.4000,-0.744675
-2.2000,-0.2000,-0.792380
-2.2000,0.0000,-0.808496
-2.2000,0.2000,-0.792380
-2.2000,0.4000,-0.744675
-2.2000,0.6000,-0.667281
-2.2000,0.8000,-0.563285
-2.2000,1.0000,-0.436832
-2.2000,1.2000,-0.292965
-2.2000,1.4000,-0.137418
-2.2000,1.6000,0.023608
-2.2000,1.8000,0.183692
-2.2000,2.0000,0.336453
-2.2000,2.2000,0.475801
-2.2000,2.4000,0.596180
-2.2000,2.6000,0.692791
-2.2000,2.8000,0.761783
-2.2000,3.0000,0.800405
-2.0000,-3.0000,0.900198
-2.0000,-2.8000,0.856760
-2.0000,-2.6000,0.779167
-2.0000,-2.4000,0.670510
-2.0000,-2.2000,0.535123
-2.0000,-2.0000,0.378401
-2.0000,-1.8000,0.206594
-2.0000,-1.6000,0.026551
-2.0000,-1.4000,-0.154551
-2.0000,-1.2000,-0.329491
-2.0000,-1.0000,-0.491295
-2.0000,-0.8000,-0.633514
-2.0000,-0.6000,-0.750476
-2.0000,-0.4000,-0.837518
-2.0000,-0.2000,-0.891172
-2.0000,0.0000,-0.909297
-2.0000,0.2000,-0.891172
-2.0000,0.4000,-0.837518
-2.0000,0.6000,-0.750476
-2.0000,0.8000,-0.633514
-2.0000,1.0000,-0.491295
-2.0000,1.2000,-0.329491
-2.0000,1.4000,-0.154551
-2.0000,1.6000,0.026551
-2.0000,1.8000,0.206594
-2.0000,2.0000,0.378401
-2.0000,2.2000,0.535123
-2.0000,2.4000,0.670510
-2.0000,2.6000,0.779167
-2.0000,2.8000,0.856760
-2.0000,3.0000,0.900198
-1.8000,-3.0000,0.964102
-1.8000,-2.8000,0.917581
-1.8000,-2.6000,0.834479
-1.8000,-2.4000,0.718109
-1.8000,-2.2000,0.573110
-1.8000,-2.0000,0.405264
-1.8000,-1.8000,0.221260
-1.8000,-1.6000,0.028436
-1.8000,-1.4000,-0.165522
-1.8000,-1.2000,-0.352881
-1.8000,-1.0000,-0.526172
-1.8000,-0.8000,-0.678486
-1.8000,-0.6000,-0.803751
-1.8000,-0.4000,-0.896973
-1.8000,-0.2000,-0.954436
-1.8000,0.0000,-0.973848
-1.8000,0.2000,-0.954436
-1.8000,0.4000,-0.896973
-1.8000,0.6000,-0.803751
-1.8000,0.8000,-0.678486
-1.8000,1.0000,-0.526172
-1.8000,1.2000,-0.352881
-1.8000,1.4000,-0.165522
-1.8000,1.6000,0.028436
-1.8000,1.8000,0.221260
-1.8000,2.0000,0.405264
-1.8000,2.2000,0.573110
-1.8000,2.4000,0.718109
-1.8000,2.6000,0.834479
-1.8000,2.8000,0.917581
-1.8000,3.0000,0.964102
-1.6000,-3.0000,0.989570
-1.6000,-2.8000,0.941821
-1.6000,-2.6000,0.856523
-1.6000,-2.4000,0.737079
-1.6000,-2.2000,0.588250
-1.6000,-2.0000,0.415969
-1.6000,-1.8000,0.227105
-1.6000,-1.6000,0.029187
-1.6000,-1.4000,-0.169895
-1.6000,-1.2000,-0.362203
-1.6000,-1.0000,-0.540072
-1.6000,-0.8000,-0.696410
-1.6000,-0.6000,-0.824984
-1.6000,-0.4000,-0.920668
-1.6000,-0.2000,-0.979649
-1.6000,0.0000,-0.999574
-1.6000,0.2000,-0.979649
-1.6000,0.4000,-0.920668
-1.6000,0.6000,-0.824984
-1.6000,0.8000,-0.696410
-1.6000,1.0000,-0.540072
-1.6000,1.2000,-0.362203
-1.6000,1.4000,-0.169895
-1.6000,1.6000,0.029187
-1.6000,1.8000,0.227105
-1.6000,2.0000,0.415969
-1.6000,2.2000,0.588250
-1.6000,2.4000,0.737079
-1.6000,2.6000,0.856523
-1.6000,2.8000,0.941821
-1.6000,3.0000,0.989570
-1.4000,-3.0000,0.975588
-1.4000,-2.8000,0.928513
-1.4000,-2.6000,0.844421
-1.4000,-2.4000,0.726664
-1.4000,-2.2000,0.579938
-1.4000,-2.0000,0.410092
-1.4000,-1.8000,0.223896
-1.4000,-1.6000,0.028775
-1.4000,-1.4000,-0.167494
-1.4000,-1.2000,-0.357085
-1.4000,-1.0000,-0.532441
-1.4000,-0.8000,-0.686569
-1.4000,-0.6000,-0.813327
-1.4000,-0.4000,-0.907659
-1.4000,-0.2000,-0.965806
-1.4000,0.0000,-0.985450
-1.4000,0.2000,-0.965806
-1.4000,0.4000,-0.907659
-1.4000,0.6000,-0.813327
-1.4000,0.8000,-0.686569
-1.4000,1.0000,-0.532441
-1.4000,1.2000,-0.357085
-1.4000,1.4000,-0.167494
-1.4000,1.6000,0.028775
-1.4000,1.8000,0.223896
-1.4000,2.0000,0.410092
-1.4000,2.2000,0.579938
-1.4000,2.4000,0.726664
-1.4000,2.6000,0.844421
-1.4000,2.8000,0.928513
-1.4000,3.0000,0.975588
-1.2000,-3.0000,0.922712
-1.2000,-2.8000,0.878188
-1.2000,-2.6000,0.798654
-1.2000,-2.4000,0.687280
-1.2000,-2.2000,0.548506
-1.2000,-2.0000,0.387865
-1.2000,-1.8000,0.211761
-1.2000,-1.6000,0.027215
-1.2000,-1.4000,-0.158416
-1.2000,-1.2000,-0.337732
-1.2000,-1.0000,-0.503583
-1.2000,-0.8000,-0.649358
-1.2000,-0.6000,-0.769245
-1.2000,-0.4000,-0.858465
-1.2000,-0.2000,-0.913460
-1.2000,0.0000,-0.932039
-1.2000,0.2000,-0.913460
-1.2000,0.4000,-0.858465
-1.2000,0.6000,-0.769245
-1.2000,0.8000,-0.649358
-1.2000,1.0000,-0.503583
-1.2000,1.2000,-0.337732
-1.2000,1.4000,-0.158416
-1.2000,1.6000,0.027215
-1.2000,1.8000,0.211761
-1.2000,2.0000,0.387865
-1.2000,2.2000,0.548506
-1.2000,2.4000,0.687280
-1.2000,2.6000,0.798654
-1.2000,2.8000,0.878188
-1.2000,3.0000,0.922712
-1.0000,-3.0000,0.833050
-1.0000,-2.8000,0.792853
-1.0000,-2.6000,0.721047
-1.0000,-2.4000,0.620495
-1.0000,-2.2000,0.495207
-1.0000,-2.0000,0.350175
-1.0000,-1.8000,0.191184
-1.0000,-1.6000,0.024571
-1.0000,-1.4000,-0.143022
-1.0000,-1.2000,-0.304914
-1.0000,-1.0000,-0.454649
-1.0000,-0.8000,-0.586258
-1.0000,-0.6000,-0.694496
-1.0000,-0.4000,-0.775046
-1.0000,-0.2000,-0.824698
-1.0000,0.0000,-0.841471
-1.0000,0.2000,-0.824698
-1.0000,0.4000,-0.775046
-1.0000,0.6000,-0.694496
-1.0000,0.8000,-0.586258
-1.0000,1.0000,-0.454649
-1.0000,1.2000,-0.304914
-1.0000,1.4000,-0.143022
-1.0000,1.6000,0.024571
-1.0000,1.8000,0.191184
-1.0000,2.0000,0.350175
-1.0000,2.2000,0.495207
-1.0000,2.4000,0.620495
-1.0000,2.6000,0.721047
-1.0000,2.8000,0.792853
-1.0000,3.0000,0.833050
-0.8000,-3.0000,0.710177
-0.8000,-2.8000,0.675909
-0.8000,-2.6000,0.614694
-0.8000,-2.4000,0.528974
-0.8000,-2.2000,0.422165
-0.8000,-2.0000,0.298525
-0.8000,-1.8000,0.162985
-0.8000,-1.6000,0.020946
-0.8000,-1.4000,-0.121927
-0.8000,-1.2000,-0.259940
-0.8000,-1.0000,-0.387589
-0.8000,-0.8000,-0.499787
-0.8000,-0.6000,-0.592060
-0.8000,-0.4000,-0.660729
-0.8000,-0.2000,-0.703057
-0.8000,0.0000,-0.717356
-0.8000,0.2000,-0.703057
-0.8000,0.4000,-0.660729
-0.8000,0.6000,-0.592060
-0.8000,0.8000,-0.499787
-0.8000,1.0000,-0.387589
-0.8000,1.2000,-0.259940
-0.8000,1.4000,-0.121927
-0.8000,1.6000,0.020946
-0.8000,1.8000,0.162985
-0.8000,2.0000,0.298525
-0.8000,2.2000,0.422165
-0.8000,2.4000,0.528974
-0.8000,2.6000,0.614694
-0.8000,2.8000,0.675909
-0.8000,3.0000,0.710177
-0.6000,-3.0000,0.558992
-0.6000,-2.8000,0.532019
-0.6000,-2.6000,0.483836
-0.6000,-2.4000,0.416364
-0.6000,-2.2000,0.332293
-0.6000,-2.0000,0.234974
-0.6000,-1.8000,0.128288
-0.6000,-1.6000,0.016487
-0.6000,-1.4000,-0.095971
-0.6000,-1.2000,-0.204603
-0.6000,-1.0000,-0.305078
-0.6000,-0.8000,-0.393390
-0.6000,-0.6000,-0.466020
-0.6000,-0.4000,-0.520070
-0.6000,-0.2000,-0.553387
-0.6000,0.0000,-0.564642
-0.6000,0.2000,-0.553387
-0.6000,0.4000,-0.520070
-0.6000,0.6000,-0.466020
-0.6000,0.8000,-0.393390
-0.6000,1.0000,-0.305078
-0.6000,1.2000,-0.204603
-0.6000,1.4000,-0.095971
-0.6000,1.6000,0.016487
-0.6000,1.8000,0.128288
-0.6000,2.0000,0.234974
-0.6000,2.2000,0.332293
-0.6000,2.4000,0.416364
-0.6000,2.6000,0.483836
-0.6000,2.8000,0.532019
-0.6000,3.0000,0.558992
-0.4000,-3.0000,0.385521
-0.4000,-2.8000,0.366919
-0.4000,-2.6000,0.333688
-0.4000,-2.4000,0.287155
-0.4000,-2.2000,0.229173
-0.4000,-2.0000,0.162055
-0.4000,-1.8000,0.088477
-0.4000,-1.6000,0.011371
-0.4000,-1.4000,-0.066188
-0.4000,-1.2000,-0.141109
-0.4000,-1.0000,-0.210404
-0.4000,-0.8000,-0.271310
-0.4000,-0.6000,-0.321401
-0.4000,-0.4000,-0.358678
-0.4000,-0.2000,-0.381656
-0.4000,0.0000,-0.389418
-0.4000,0.2000,-0.381656
-0.4000,0.4000,-0.358678
-0.4000,0.6000,-0.321401
-0.4000,0.8000,-0.271310
-0.4000,1.0000,-0.210404
-0.4000,1.2000,-0.141109
-0.4000,1.4000,-0.066188
-0.4000,1.6000,0.011371
-0.4000,1.8000,0.088477
-0.4000,2.0000,0.162055
-0.4000,2.2000,0.229173
-0.4000,2.4000,0.287155
-0.4000,2.6000,0.333688
-0.4000,2.8000,0.366919
-0.4000,3.0000,0.385521
-0.2000,-3.0000,0.196681
-0.2000,-2.8000,0.187191
-0.2000,-2.6000,0.170238
-0.2000,-2.4000,0.146498
-0.2000,-2.2000,0.116917
-0.2000,-2.0000,0.082676
-0.2000,-1.8000,0.045138
-0.2000,-1.6000,0.005801
-0.2000,-1.4000,-0.033767
-0.2000,-1.2000,-0.071989
-0.2000,-1.0000,-0.107341
-0.2000,-0.8000,-0.138414
-0.2000,-0.6000,-0.163969
-0.2000,-0.4000,-0.182987
-0.2000,-0.2000,-0.194709
-0.2000,0.0000,-0.198669
-0.2000,0.2000,-0.194709
-0.2000,0.4000,-0.182987
-0.2000,0.6000,-0.163969
-0.2000,0.8000,-0.138414
-0.2000,1.0000,-0.107341
-0.2000,1.2000,-0.071989
-0.2000,1.4000,-0.033767
-0.2000,1.6000,0.005801
-0.2000,1.8000,0.045138
-0.2000,2.0000,0.082676
-0.2000,2.2000,0.116917
-0.2000,2.4000,0.146498
-0.2000,2.6000,0.170238
-0.2000,2.8000,0.187191
-0.2000,3.0000,0.196681
0.0000,-3.0000,0.000000
0.0000,-2.8000,0.000000
0.0000,-2.6000,0.000000
0.0000,-2.4000,0.000000
0.0000,-2.2000,0.000000
0.0000,-2.0000,0.000000
0.0000,-1.8000,0.000000
0.0000,-1.6000,0.000000
0.0000,-1.4000,0.000000
0.0000,-1.2000,0.000000
0.0000,-1.0000,0.000000
0.0000,-0.8000,0.000000
0.0000,-0.6000,0.000000
0.0000,-0.4000,0.000000
0.0000,-0.2000,0.000000
0.0000,0.0000,0.000000
0.0000,0.2000,0.000000
0.0000,0.4000,0.000000
0.0000,0.6000,0.000000
0.0000,0.8000,0.000000
0.0000,1.0000,0.000000
0.0000,1.2000,0.000000
0.0000,1.4000,0.000000
0.0000,1.6000,0.000000
0.0000,1.8000,0.000000
0.0000,2.0000,0.000000
0.0000,2.2000,0.000000
0.0000,2.4000,0.000000
0.0000,2.6000,0.000000
0.0000,2.8000,0.000000
0.0000,3.0000,0.000000
0.2000,-3.0000,-0.196681
0.2000,-2.8000,-0.187191
0.2000,-2.6000,-0.170238
0.2000,-2.4000,-0.146498
0.2000,-2.2000,-0.116917
0.2000,-2.0000,-0.082676
0.2000,-1.8000,-0.045138
0.2000,-1.6000,-0.005801
0.2000,-1.4000,0.033767
0.2000,-1.2000,0.071989
0.2000,-1.0000,0.107341
0.2000,-0.8000,0.138414
0.2000,-0.6000,0.163969
0.2000,-0.4000,0.182987
0.2000,-0.2000,0.194709
0.2000,0.0000,0.198669
0.2000,0.2000,0.194709
0.2000,0.4000,0.182987
0.2000,0.6000,0.163969
0.2000,0.8000,0.138414
0.2000,1.0000,0.107341
0.2000,1.2000,0.071989
0.2000,1.4000,0.033767
0.2000,1.6000,-0.005801
0.2000,1.8000,-0.045138
0.2000,2.0000,-0.082676
0.2000,2.2000,-0.116917
0.2000,2.4000,-0.146498
0.2000,2.6000,-0.170238
0.2000,2.8000,-0.187191
0.2000,3.0000,-0.196681
0.4000,-3.0000,-0.385521
0.4000,-2.8000,-0.366919
0.4000,-2.6000,-0.333688
0.4000,-2.4000,-0.287155
0.4000,-2.2000,-0.229173
0.4000,-2.0000,-0.162055
0.4000,-1.8000,-0.088477
0.4000,-1.6000,-0.011371
0.4000,-1.4000,0.066188
0.4000,-1.2000,0.141109
0.4000,-1.0000,0.210404
0.4000,-0.8000,0.271310
0.4000,-0.6000,0.321401
0.4000,-0.4000,0.358678
0.4000,-0.2000,0.381656
0.4000,0.0000,0.389418
0.4000,0.2000,0.381656
0.4000,0.4000,0.358678
0.4000,0.6000,0.321401
0.4000,0.8000,0.271310
0.4000,1.0000,0.210404
0.4000,1.2000,0.141109
0.4000,1.4000,0.066188
0.4000,1.6000,-0.011371
0.4000,1.8000,-0.088477
0.4000,2.0000,-0.162055
0.4000,2.2000,-0.229173
0.4000,2.4000,-0.287155
0.4000,2.6000,-0.333688
0.4000,2.8000,-0.366919
0.4000,3.0000,-0.385521
0.6000,-3.0000,-0.558992
0.6000,-2.8000,-0.532019
0.6000,-2.6000,-0.483836
0.6000,-2.4000,-0.416364
0.6000,-2.2000,-0.332293
0.6000,-2.0000,-0.234974
0.6000,-1.8000,-0.128288
0.6000,-1.6000,-0.016487
0.6000,-1.4000,0.095971
0.6000,-1.2000,0.204603
0.6000,-1.0000,0.305078
0.6000,-0.8000,0.393390
0.6000,-0.6000,0.466020
0.6000,-0.4000,0.520070
0.6000,-0.2000,0.553387
0.6000,0.0000,0.564642
0.6000,0.2000,0.553387
0.6000,0.4000,0.520070
0.6000,0.6000,0.466020
0.6000,0.8000,0.393390
0.6000,1.0000,0.305078
0.6000,1.2000,0.204603
0.6000,1.4000,0.095971
0.6000,1.6000,-0.016487
0.6000,1.8000,-0.128288
0.6000,2.0000,-0.234974
0.6000,2.2000,-0.332293
0.6000,2.4000,-0.416364
0.6000,2.6000,-0.483836
0.6000,2.8000,-0.532019
0.6000,3.0000,-0.558992
0.8000,-3.0000,-0.710177
0.8000,-2.8000,-0.675909
0.8000,-2.6000,-0.614694
0.8000,-2.4000,-0.528974
0.8000,-2.2000,-0.422165
0.8000,-2.0000,-0.298525
0.8000,-1.8000,-0.162985
0.8000,-1.6000,-0.020946
0.8000,-1.4000,0.121927
0.8000,-1.2000,0.259940
0.8000,-1.0000,0.387589
0.8000,-0.8000,0.499787
0.8000,-0.6000,0.592060
0.8000,-0.4000,0.660729
0.8000,-0.2000,0.703057
0.8000,0.0000,0.717356
0.8000,0.2000,0.703057
0.8000,0.4000,0.660729
0.8000,0.6000,0.592060
0.8000,0.8000,0.499787
0.8000,1.0000,0.387589
0.8000,1.2000,0.259940
0.8000,1.4000,0.121927
0.8000,1.6000,-0.020946
0.8000,1.8000,-0.162985
0.8000,2.0000,-0.298525
0.8000,2.2000,-0.422165
0.8000,2.4000,-0.528974
0.8000,2.6000,-0.614694
0.8000,2.8000,-0.675909
0.8000,3.0000,-0.710177
1.0000,-3.0000,-0.833050
1.0000,-2.8000,-0.792853
1.0000,-2.6000,-0.721047
1.0000,-2.4000,-0.620495
1.0000,-2.2000,-0.495207
1.0000,-2.0000,-0.350175
1.0000,-1.8000,-0.191184
1.0000,-1.6000,-0.024571
1.0000,-1.4000,0.143022
1.0000,-1.2000,0.304914
1.0000,-1.0000,0.454649
1.0000,-0.8000,0.586258
1.0000,-0.6000,0.694496
1.0000,-0.4000,0.775046
1.0000,-0.2000,0.824698
1.0000,0.0000,0.841471
1.0000,0.2000,0.824698
1.0000,0.4000,0.775046
1.0000,0.6000,0.694496
1.0000,0.8000,0.586258
1.0000,1.0000,0.454649
1.0000,1.2000,0.304914
1.0000,1.4000,0.143022
1.0000,1.6000,-0.024571
1.0000,1.8000,-0.191184
1.0000,2.0000,-0.350175
1.0000,2.2000,-0.495207
1.0000,2.4000,-0.620495
1.0000,2.6000,-0.721047
1.0000,2.8000,-0.792853
1.0000,3.0000,-0.833050
1.2000,-3.0000,-0.922712
1.2000,-2.8000,-0.878188
1.2000,-2.6000,-0.798654
1.2000,-2.4000,-0.687280
1.2000,-2.2000,-0.548506
1.2000,-2.0000,-0.387865
1.2000,-1.8000,-0.211761
1.2000,-1.6000,-0.027215
1.2000,-1.4000,0.158416
1.2000,-1.2000,0.337732
1.2000,-1.0000,0.503583
1.2000,-0.8000,0.649358
1.2000,-0.6000,0.769245
1.2000,-0.4000,0.858465
1.2000,-0.2000,0.913460
1.2000,0.0000,0.932039
1.2000,0.2000,0.913460
1.2000,0.4000,0.858465
1.2000,0.6000,0.769245
1.2000,0.8000,0.649358
1.2000,1.0000,0.503583
1.2000,1.2000,0.337732
1.2000,1.4000,0.158416
1.2000,1.6000,-0.027215
1.2000,1.8000,-0.211761
1.2000,2.0000,-0.387865
1.2000,2.2000,-0.548506
1.2000,2.4000,-0.687280
1.2000,2.6000,-0.798654
1.2000,2.8000,-0.878188
1.2000,3.0000,-0.922712
1.4000,-3.0000,-0.975588
1.4000,-2.8000,-0.928513
1.4000,-2.6000,-0.844421
1.4000,-2.4000,-0.726664
1.4000,-2.2000,-0.579938
1.4000,-2.0000,-0.410092
1.4000,-1.8000,-0.223896
1.4000,-1.6000,-0.028775
1.4000,-1.4000,0.167494
1.4000,-1.2000,0.357085
1.4000,-1.0000,0.532441
1.4000,-0.8000,0.686569
1.4000,-0.6000,0.813327
1.4000,-0.4000,0.907659
1.4000,-0.2000,0.965806
1.4000,0.0000,0.985450
1.4000,0.2000,0.965806
1.4000,0.4000,0.907659
1.4000,0.6000,0.813327
1.4000,0.8000,0.686569
1.4000,1.0000,0.532441
1.4000,1.2000,0.357085
1.4000,1.4000,0.167494
1.4000,1.6000,-0.028775
1.4000,1.8000,-0.223896
1.4000,2.0000,-0.410092
1.4000,2.2000,-0.579938
1.4000,2.4000,-0.726664
1.4000,2.6000,-0.844421
1.4000,2.8000,-0.928513
1.4000,3.0000,-0.975588
1.6000,-3.0000,-0.989570
1.6000,-2.8000,-0.941821
1.6000,-2.6000,-0.856523
1.6000,-2.4000,-0.737079
1.6000,-2.2000,-0.588250
1.6000,-2.0000,-0.415969
1.6000,-1.8000,-0.227105
1.6000,-1.6000,-0.029187
1.6000,-1.4000,0.169895
1.6000,-1.2000,0.362203
1.6000,-1.0000,0.540072
1.6000,-0.8000,0.696410
1.6000,-0.6000,0.824984
1.6000,-0.4000,0.920668
1.6000,-0.2000,0.979649
1.6000,0.0000,0.999574
1.6000,0.2000,0.979649
1.6000,0.4000,0.920668
1.6000,0.6000,0.824984
1.6000,0.8000,0.696410
1.6000,1.0000,0.540072
1.6000,1.2000,0.362203
1.6000,1.4000,0.169895
1.6000,1.6000,-0.029187
1.6000,1.8000,-0.227105
1.6000,2.0000,-0.415969
1.6000,2.2000,-0.588250
1.6000,2.4000,-0.737079
1.6000,2.6000,-0.856523
1.6000,2.8000,-0.941821
1.6000,3.0000,-0.989570
1.8000,-3.0000,-0.964102
1.8000,-2.8000,-0.917581
1.8000,-2.6000,-0.834479
1.8000,-2.4000,-0.718109
1.8000,-2.2000,-0.573110
1.8000,-2.0000,-0.405264
1.8000,-1.8000,-0.221260
1.8000,-1.6000,-0.028436
1.8000,-1.4000,0.165522
1.8000,-1.2000,0.352881
1.8000,-1.0000,0.526172
1.8000,-0.8000,0.678486
1.8000,-0.6000,0.803751
1.8000,-0.4000,0.896973
1.8000,-0.2000,0.954436
1.8000,0.0000,0.973848
1.8000,0.2000,0.954436
1.8000,0.4000,0.896973
1.8000,0.6000,0.803751
1.8000,0.8000,0.678486
1.8000,1.0000,0.526172
1.8000,1.2000,0.352881
1.8000,1.4000,0.165522
1.8000,1.6000,-0.028436
1.8000,1.8000,-0.221260
1.8000,2.0000,-0.405264
1.8000,2.2000,-0.573110
1.8000,2.4000,-0.718109
1.8000,2.6000,-0.834479
1.8000,2.8000,-0.917581
1.8000,3.0000,-0.964102
2.0000,-3.0000,-0.900198
2.0000,-2.8000,-0.856760
2.0000,-2.6000,-0.779167
2.0000,-2.4000,-0.670510
2.0000,-2.2000,-0.535123
2.0000,-2.0000,-0.378401
2.0000,-1.8000,-0.206594
2.0000,-1.6000,-0.026551
2.0000,-1.4000,0.154551
2.0000,-1.2000,0.329491
2.0000,-1.0000,0.491295
2.0000,-0.8000,0.633514
2.0000,-0.6000,0.750476
2.0000,-0.4000,0.837518
2.0000,-0.2000,0.891172
2.0000,0.0000,0.909297
2.0000,0.2000,0.891172
2.0000,0.4000,0.837518
2.0000,0.6000,0.750476
2.0000,0.8000,0.633514
2.0000,1.0000,0.491295
2.0000,1.2000,0.329491
2.0000,1.4000,0.154551
2.0000,1.6000,-0.026551
2.0000,1.8000,-0.206594
2.0000,2.0000,-0.378401
2.0000,2.2000,-0.535123
2.0000,2.4000,-0.670510
2.0000,2.6000,-0.779167
2.0000,2.8000,-0.856760
2.0000,3.0000,-0.900198
2.2000,-3.0000,-0.800405
2.2000,-2.8000,-0.761783
2.2000,-2.6000,-0.692791
2.2000,-2.4000,-0.596180
2.2000,-2.2000,-0.475801
2.2000,-2.0000,-0.336453
2.2000,-1.8000,-0.183692
2.2000,-1.6000,-0.023608
2.2000,-1.4000,0.137418
2.2000,-1.2000,0.292965
2.2000,-1.0000,0.436832
2.2000,-0.8000,0.563285
2.2000,-0.6000,0.667281
2.2000,-0.4000,0.744675
2.2000,-0.2000,0.792380
2.2000,0.0000,0.808496
2.2000,0.2000,0.792380
2.2000,0.4000,0.744675
2.2000,0.6000,0.667281
2.2000,0.8000,0.563285
2.2000,1.0000,0.436832
2.2000,1.2000,0.292965
2.2000,1.4000,0.137418
2.2000,1.6000,-0.023608
2.2000,1.8000,-0.183692
2.2000,2.0000,-0.336453
2.2000,2.2000,-0.475801
2.2000,2.4000,-0.596180
2.2000,2.6000,-0.692791
2.2000,2.8000,-0.761783
2.2000,3.0000,-0.800405
2.4000,-3.0000,-0.668703
2.4000,-2.8000,-0.636436
2.4000,-2.6000,-0.578797
2.4000,-2.4000,-0.498082
2.4000,-2.2000,-0.397511
2.4000,-2.0000,-0.281092
2.4000,-1.8000,-0.153467
2.4000,-1.6000,-0.019723
2.4000,-1.4000,0.114807
2.4000,-1.2000,0.244759
2.4000,-1.0000,0.364954
2.4000,-0.8000,0.470600
2.4000,-0.6000,0.557484
2.4000,-0.4000,0.622143
2.4000,-0.2000,0.661999
2.4000,0.0000,0.675463
2.4000,0.2000,0.661999
2.4000,0.4000,0.622143
2.4000,0.6000,0.557484
2.4000,0.8000,0.470600
2.4000,1.0000,0.364954
2.4000,1.2000,0.244759
2.4000,1.4000,0.114807
2.4000,1.6000,-0.019723
2.4000,1.8000,-0.153467
2.4000,2.0000,-0.281092
2.4000,2.2000,-0.397511
2.4000,2.4000,-0.498082
2.4000,2.6000,-0.578797
2.4000,2.8000,-0.636436
2.4000,3.0000,-0.668703
2.6000,-3.0000,-0.510342
2.6000,-2.8000,-0.485717
2.6000,-2.6000,-0.441727
2.6000,-2.4000,-0.380127
2.6000,-2.2000,-0.303373
2.6000,-2.0000,-0.214524
2.6000,-1.8000,-0.117123
2.6000,-1.6000,-0.015052
2.6000,-1.4000,0.087618
2.6000,-1.2000,0.186796
2.6000,-1.0000,0.278527
2.6000,-0.8000,0.359153
2.6000,-0.6000,0.425462
2.6000,-0.4000,0.474808
2.6000,-0.2000,0.505226
2.6000,0.0000,0.515501
2.6000,0.2000,0.505226
2.6000,0.4000,0.474808
2.6000,0.6000,0.425462
2.6000,0.8000,0.359153
2.6000,1.0000,0.278527
2.6000,1.2000,0.186796
2.6000,1.4000,0.087618
2.6000,1.6000,-0.015052
2.6000,1.8000,-0.117123
2.6000,2.0000,-0.214524
2.6000,2.2000,-0.303373
2.6000,2.4000,-0.380127
2.6000,2.6000,-0.441727
2.6000,2.8000,-0.485717
2.6000,3.0000,-0.510342
2.8000,-3.0000,-0.331636
2.8000,-2.8000,-0.315633
2.8000,-2.6000,-0.287048
2.8000,-2.4000,-0.247018
2.8000,-2.2000,-0.197141
2.8000,-2.0000,-0.139404
2.8000,-1.8000,-0.076110
2.8000,-1.6000,-0.009781
2.8000,-1.4000,0.056937
2.8000,-1.2000,0.121386
2.8000,-1.0000,0.180995
2.8000,-0.8000,0.233388
2.8000,-0.6000,0.276478
2.8000,-0.4000,0.308545
2.8000,-0.2000,0.328311
2.8000,0.0000,0.334988
2.8000,0.2000,0.328311
2.8000,0.4000,0.308545
2.8000,0.6000,0.276478
2.8000,0.8000,0.233388
2.8000,1.0000,0.180995
2.8000,1.2000,0.121386
2.8000,1.4000,0.056937
2.8000,1.6000,-0.009781
2.8000,1.8000,-0.076110
2.8000,2.0000,-0.139404
2.8000,2.2000,-0.197141
2.8000,2.4000,-0.247018
2.8000,2.6000,-0.287048
2.8000,2.8000,-0.315633
2.8000,3.0000,-0.331636
3.0000,-3.0000,-0.139708
3.0000,-2.8000,-0.132966
3.0000,-2.6000,-0.120924
3.0000,-2.4000,-0.104061
3.0000,-2.2000,-0.083049
3.0000,-2.0000,-0.058727
3.0000,-1.8000,-0.032063
3.0000,-1.6000,-0.004121
3.0000,-1.4000,0.023986
3.0000,-1.2000,0.051136
3.0000,-1.0000,0.076247
3.0000,-0.8000,0.098319
3.0000,-0.6000,0.116471
3.0000,-0.4000,0.129980
3.0000,-0.2000,0.138307
3.0000,0.0000,0.141120
3.0000,0.2000,0.138307
3.0000,0.4000,0.129980
3.0000,0.6000,0.116471
3.0000,0.8000,0.098319
3.0000,1.0000,0.076247
3.0000,1.2000,0.051136
3.0000,1.4000,0.023986
3.0000,1.6000,-0.004121
3.0000,1.8000,-0.032063
3.0000,2.0000,-0.058727
3.0000,2.2000,-0.083049
3.0000,2.4000,-0.104061
3.0000,2.6000,-0.120924
3.0000,2.8000,-0.132966
3.0000,3.0000,-0.139708
