region,quarter,revenue
Torgersen,Adelie,3750
Torgersen,Adelie,3800
Torgersen,Adelie,3250
Torgersen,Adelie,3450
Torgersen,Adelie,3650
Torgersen,Adelie,3625
Torgersen,Adelie,4675
Torgersen,Adelie,3475
Torgersen,Adelie,4250
Torgersen,Adelie,3300
Torgersen,Adelie,3700
Torgersen,Adelie,3200
Torgersen,Adelie,3800
Torgersen,Adelie,4400
Torgersen,Adelie,3700
Torgersen,Adelie,3450
Torgersen,Adelie,4500
Torgersen,Adelie,3325
Torgersen,Adelie,4200
Biscoe,Adelie,3400
Biscoe,Adelie,3600
Biscoe,Adelie,3800
Biscoe,Adelie,3950
Biscoe,Adelie,3800
Biscoe,Adelie,3800
Biscoe,Adelie,3550
Biscoe,Adelie,3200
Biscoe,Adelie,3150
Biscoe,Adelie,3950
Dream,Adelie,3250
Dream,Adelie,3900
Dream,Adelie,3300
Dream,Adelie,3900
Dream,Adelie,3325
Dream,Adelie,4150
Dream,Adelie,3950
Dream,Adelie,3550
Dream,Adelie,3300
Dream,Adelie,4650
Dream,Adelie,3150
Dream,Adelie,3900
Dream,Adelie,3100
Dream,Adelie,4400
Dream,Adelie,3000
Dream,Adelie,4600
Dream,Adelie,3425
Dream,Adelie,2975
Dream,Adelie,3450
Dream,Adelie,4150
Biscoe,Adelie,3500
Biscoe,Adelie,4300
Biscoe,Adelie,3450
Biscoe,Adelie,4050
Biscoe,Adelie,2900
Biscoe,Adelie,3700
Biscoe,Adelie,3550
Biscoe,Adelie,3800
Biscoe,Adelie,2850
Biscoe,Adelie,3750
Biscoe,Adelie,3150
Biscoe,Adelie,4400
Biscoe,Adelie,3600
Biscoe,Adelie,4050
Biscoe,Adelie,2850
Biscoe,Adelie,3950
Biscoe,Adelie,3350
Biscoe,Adelie,4100
Torgersen,Adelie,3050
Torgersen,Adelie,4450
Torgersen,Adelie,3600
Torgersen,Adelie,3900
Torgersen,Adelie,3550
Torgersen,Adelie,4150
Torgersen,Adelie,3700
Torgersen,Adelie,4250
Torgersen,Adelie,3700
Torgersen,Adelie,3900
Torgersen,Adelie,3550
Torgersen,Adelie,4000
Torgersen,Adelie,3200
Torgersen,Adelie,4700
Torgersen,Adelie,3800
Torgersen,Adelie,4200
Dream,Adelie,3350
Dream,Adelie,3550
Dream,Adelie,3800
Dream,Adelie,3500
Dream,Adelie,3950
Dream,Adelie,3600
Dream,Adelie,3550
Dream,Adelie,4300
Dream,Adelie,3400
Dream,Adelie,4450
Dream,Adelie,3300
Dream,Adelie,4300
Dream,Adelie,3700
Dream,Adelie,4350
Dream,Adelie,2900
Dream,Adelie,4100
Biscoe,Adelie,3725
Biscoe,Adelie,4725
Biscoe,Adelie,3075
Biscoe,Adelie,4250
Biscoe,Adelie,2925
Biscoe,Adelie,3550
Biscoe,Adelie,3750
Biscoe,Adelie,3900
Biscoe,Adelie,3175
Biscoe,Adelie,4775
Biscoe,Adelie,3825
Biscoe,Adelie,4600
Biscoe,Adelie,3200
Biscoe,Adelie,4275
Biscoe,Adelie,3900
Biscoe,Adelie,4075
Torgersen,Adelie,2900
Torgersen,Adelie,3775
Torgersen,Adelie,3350
Torgersen,Adelie,3325
Torgersen,Adelie,3150
Torgersen,Adelie,3500
Torgersen,Adelie,3450
Torgersen,Adelie,3875
Torgersen,Adelie,3050
Torgersen,Adelie,4000
Torgersen,Adelie,3275
Torgersen,Adelie,4300
Torgersen,Adelie,3050
Torgersen,Adelie,4000
Torgersen,Adelie,3325
Torgersen,Adelie,3500
Dream,Adelie,3500
Dream,Adelie,4475
Dream,Adelie,3425
Dream,Adelie,3900
Dream,Adelie,3175
Dream,Adelie,3975
Dream,Adelie,3400
Dream,Adelie,4250
Dream,Adelie,3400
Dream,Adelie,3475
Dream,Adelie,3050
Dream,Adelie,3725
Dream,Adelie,3000
Dream,Adelie,3650
Dream,Adelie,4250
Dream,Adelie,3475
Dream,Adelie,3450
Dream,Adelie,3750
Dream,Adelie,3700
Dream,Adelie,4000
Dream,Chinstrap,3500
Dream,Chinstrap,3900
Dream,Chinstrap,3650
Dream,Chinstrap,3525
Dream,Chinstrap,3725
Dream,Chinstrap,3950
Dream,Chinstrap,3250
Dream,Chinstrap,3750
Dream,Chinstrap,4150
Dream,Chinstrap,3700
Dream,Chinstrap,3800
Dream,Chinstrap,3775
Dream,Chinstrap,3700
Dream,Chinstrap,4050
Dream,Chinstrap,3575
Dream,Chinstrap,4050
Dream,Chinstrap,3300
Dream,Chinstrap,3700
Dream,Chinstrap,3450
Dream,Chinstrap,4400
Dream,Chinstrap,3600
Dream,Chinstrap,3400
Dream,Chinstrap,2900
Dream,Chinstrap,3800
Dream,Chinstrap,3300
Dream,Chinstrap,4150
Dream,Chinstrap,3400
Dream,Chinstrap,3800
Dream,Chinstrap,3700
Dream,Chinstrap,4550
Dream,Chinstrap,3200
Dream,Chinstrap,4300
Dream,Chinstrap,3350
Dream,Chinstrap,4100
Dream,Chinstrap,3600
Dream,Chinstrap,3900
Dream,Chinstrap,3850
Dream,Chinstrap,4800
Dream,Chinstrap,2700
Dream,Chinstrap,4500
Dream,Chinstrap,3950
Dream,Chinstrap,3650
Dream,Chinstrap,3550
Dream,Chinstrap,3500
Dream,Chinstrap,3675
Dream,Chinstrap,4450
Dream,Chinstrap,3400
Dream,Chinstrap,4300
Dream,Chinstrap,3250
Dream,Chinstrap,3675
Dream,Chinstrap,3325
Dream,Chinstrap,3950
Dream,Chinstrap,3600
Dream,Chinstrap,4050
Dream,Chinstrap,3350
Dream,Chinstrap,3450
Dream,Chinstrap,3250
Dream,Chinstrap,4050
Dream,Chinstrap,3800
Dream,Chinstrap,3525
Dream,Chinstrap,3950
Dream,Chinstrap,3650
Dream,Chinstrap,3650
Dream,Chinstrap,4000
Dream,Chinstrap,3400
Dream,Chinstrap,3775
Dream,Chinstrap,4100
Dream,Chinstrap,3775
Biscoe,Gentoo,4500
Biscoe,Gentoo,5700
Biscoe,Gentoo,4450
Biscoe,Gentoo,5700
Biscoe,Gentoo,5400
Biscoe,Gentoo,4550
Biscoe,Gentoo,4800
Biscoe,Gentoo,5200
Biscoe,Gentoo,4400
Biscoe,Gentoo,5150
Biscoe,Gentoo,4650
Biscoe,Gentoo,5550
Biscoe,Gentoo,4650
Biscoe,Gentoo,5850
Biscoe,Gentoo,4200
Biscoe,Gentoo,5850
Biscoe,Gentoo,4150
Biscoe,Gentoo,6300
Biscoe,Gentoo,4800
Biscoe,Gentoo,5350
Biscoe,Gentoo,5700
Biscoe,Gentoo,5000
Biscoe,Gentoo,4400
Biscoe,Gentoo,5050
Biscoe,Gentoo,5000
Biscoe,Gentoo,5100
Biscoe,Gentoo,4100
Biscoe,Gentoo,5650
Biscoe,Gentoo,4600
Biscoe,Gentoo,5550
Biscoe,Gentoo,5250
Biscoe,Gentoo,4700
Biscoe,Gentoo,5050
Biscoe,Gentoo,6050
Biscoe,Gentoo,5150
Biscoe,Gentoo,5400
Biscoe,Gentoo,4950
Biscoe,Gentoo,5250
Biscoe,Gentoo,4350
Biscoe,Gentoo,5350
Biscoe,Gentoo,3950
Biscoe,Gentoo,5700
Biscoe,Gentoo,4300
Biscoe,Gentoo,4750
Biscoe,Gentoo,5550
Biscoe,Gentoo,4900
Biscoe,Gentoo,4200
Biscoe,Gentoo,5400
Biscoe,Gentoo,5100
Biscoe,Gentoo,5300
Biscoe,Gentoo,4850
Biscoe,Gentoo,5300
Biscoe,Gentoo,4400
Biscoe,Gentoo,5000
Biscoe,Gentoo,4900
Biscoe,Gentoo,5050
Biscoe,Gentoo,4300
Biscoe,Gentoo,5000
Biscoe,Gentoo,4450
Biscoe,Gentoo,5550
Biscoe,Gentoo,4200
Biscoe,Gentoo,5300
Biscoe,Gentoo,4400
Biscoe,Gentoo,5650
Biscoe,Gentoo,4700
Biscoe,Gentoo,5700
Biscoe,Gentoo,4650
Biscoe,Gentoo,5800
Biscoe,Gentoo,4700
Biscoe,Gentoo,5550
Biscoe,Gentoo,4750
Biscoe,Gentoo,5000
Biscoe,Gentoo,5100
Biscoe,Gentoo,5200
Biscoe,Gentoo,4700
Biscoe,Gentoo,5800
Biscoe,Gentoo,4600
Biscoe,Gentoo,6000
Biscoe,Gentoo,4750
Biscoe,Gentoo,5950
Biscoe,Gentoo,4625
Biscoe,Gentoo,5450
Biscoe,Gentoo,4725
Biscoe,Gentoo,5350
Biscoe,Gentoo,4750
Biscoe,Gentoo,5600
Biscoe,Gentoo,4600
Biscoe,Gentoo,5300
Biscoe,Gentoo,4875
Biscoe,Gentoo,5550
Biscoe,Gentoo,4950
Biscoe,Gentoo,5400
Biscoe,Gentoo,4750
Biscoe,Gentoo,5650
Biscoe,Gentoo,4850
Biscoe,Gentoo,5200
Biscoe,Gentoo,4925
Biscoe,Gentoo,4875
Biscoe,Gentoo,4625
Biscoe,Gentoo,5250
Biscoe,Gentoo,4850
Biscoe,Gentoo,5600
Biscoe,Gentoo,4975
Biscoe,Gentoo,5500
Biscoe,Gentoo,4725
Biscoe,Gentoo,5500
Biscoe,Gentoo,4700
Biscoe,Gentoo,5500
Biscoe,Gentoo,4575
Biscoe,Gentoo,5500
Biscoe,Gentoo,5000
Biscoe,Gentoo,5950
Biscoe,Gentoo,4650
Biscoe,Gentoo,5500
Biscoe,Gentoo,4375
Biscoe,Gentoo,5850
Biscoe,Gentoo,4875
Biscoe,Gentoo,6000
Biscoe,Gentoo,4925
Biscoe,Gentoo,4850
Biscoe,Gentoo,5750
Biscoe,Gentoo,5200
Biscoe,Gentoo,5400
